reference,screening,extent,Reason,Additional Reason,Additional remarks
"Pennycook, G., Cannon, T. D., & Rand, D. G. (2018). Prior exposure increases perceived accuracy of fake news. Journal of Experimental Psychology: General, 147(12), 1865–1880. https://doi.org/10.1037/xge0000465",full text,partly,criterion_5,,experiment 1 and 3 rejected
"Pennycook, G., & Rand, D. G. (2020). Who falls for fake news? The roles of bullshit receptivity, overclaiming, familiarity, and analytic thinking. Journal of Personality, 88(2), 185–200. https://doi.org/10.1111/jopy.12476",full text,partly,criterion_4.1,,experiment 1 rejected because measures fake news only
"Pennycook, G., & Rand, D. G. (2019). Lazy, not biased: Susceptibility to partisan fake news is better explained by lack of reasoning than by motivated reasoning. Cognition, 188, 39–50. https://doi.org/10.1016/j.cognition.2018.06.011",full text,partly,criterion_1,,data from experiment 1 has already been used reported a in Pennycook and Rand (2020) 'Who falls for fake news' and hence taken into account here already. It's therefore rejected.
"Pennycook, G., Bear, A., Collins, E. T., & Rand, D. G. (2020). The Implied Truth Effect: Attaching Warnings to a Subset of Fake News Headlines Increases Perceived Accuracy of Headlines Without Warnings. Management Science, 66(11), 4944–4957. https://doi.org/10.1287/mnsc.2019.3478",full text,fully,criterion_1,criterion_4,"data from experiment 1 has already been used reported a in Pennycook and Rand (2019) 'Lazy, not biased', study 2, and hence taken into account here already. It's therefore rejected.

experiment two focuses on sharing intentions, hence rejected"
"Mena, P., Barbe, D., & Chan-Olmsted, S. (2020). Misinformation on Instagram: The Impact of Trusted Endorsements on Message Credibility. Social Media + Society, 6(2), 205630512093510. https://doi.org/10.1177/2056305120935102",full text,fully,criterion_2,criterion_5,looked only at fake news and fabricated those
"Kluck, J. P. ., Schaewitz, L., & Krämer, N. C. . (2019). Doubters are more convincing than advocates. The impact of user comments and ratings on credibility perceptions of false news stories on social media. Studies in Communication and Media, 8(4), 446–470. https://doi.org/10.5771/2192-4007-2019-4-446",full text,fully,criterion_2,criterion_5,looked only at fake news and fabricated those
"Schaewitz, L., Kluck, J. P., Klösters, L., & Krämer, N. C. (2020). When is Disinformation (In)Credible? Experimental Findings on Message Characteristics and Individual Differences. Mass Communication and Society, 23(4), 484–509. https://doi.org/10.1080/15205436.2020.1716983",full text,fully,criterion_2,criterion_5,looked only at fake news and fabricated those
"Kim, A., & Dennis, A. R. (2019). Says Who? The Effects of Presentation Format and Source Rating on Fake News in Social Media. MIS Quarterly, 43(3), 1025–1039. https://doi.org/10.25300/MISQ/2019/15188",full text,fully,criterion_2,criterion_5,looked only at fake news and fabricated those
"Jones-Jang, S. M., Mortensen, T., & Liu, J. (2021). Does Media Literacy Help Identification of Fake News? Information Literacy Helps, but Other Literacies Don’t. American Behavioral Scientist, 65(2), 371–388. https://doi.org/10.1177/0002764219869406",full text,fully,criterion_2,criterion_4.1,"does not measure accuracy for fake and true news seperatly;
also doesn't provide relevant descriptive stats"
"Fernández-López, M., & Perea, M. (2020). Language does not modulate fake news credibility, but emotion does. Psicológica Journal, 41(2), 84–102. https://doi.org/10.2478/psicolj-2020-0005",full text,fully,criterion_2,criterion_5,looked only at fake news and fabricated those
"Kim, A., Moravec, P. L., & Dennis, A. R. (2019). Combating Fake News on Social Media with Source Ratings: The Effects of User and Expert Reputation Ratings. Journal of Management Information Systems, 36(3), 931–968. https://doi.org/10.1080/07421222.2019.1628921",full text,fully,criterion_2,criterion_5,looked only at fake news and fabricated those ; news headlines come from Kim & Dennis (2019 'says who...')
"Clayton, K., Davis, J., Hinckley, K., & Horiuchi, Y. (2019). Partisan motivated reasoning and misinformation in the media: Is news from ideologically uncongenial sources more suspicious? Japanese Journal of Political Science, 20(3), 129–142. https://doi.org/10.1017/S1468109919000082",full text,fully,criterion_5,,si
"Morris, D. S., Morris, J. S., & Francia, P. L. (2020). A fake news inoculation? Fact checkers, partisan identification, and the power of misinformation. Politics, Groups, and Identities, 8(5), 986–1005. https://doi.org/10.1080/21565503.2020.1803935",full text,fully,criterion_2,,looked only at fake news; also don't provide descriptive stats
"Garrett, R. K., & Poulsen, S. (2019). Flagging Facebook Falsehoods: Self-Identified Humor Warnings Outperform Fact Checker and Peer Warnings. Journal of Computer-Mediated Communication, 24(5), 240–258. https://doi.org/10.1093/jcmc/zmz012",full text,fully,criterion_2,criterion_5,looked only at fake news and fabricated those
"Tsang, S. J. (2021). Motivated Fake News Perception: The Impact of News Sources and Policy Support on Audiences’ Assessment of News Fakeness. Journalism & Mass Communication Quarterly, 98(4), 1059–1077. https://doi.org/10.1177/1077699020952129",full text,fully,criterion_2,criterion_5,looked only at fake news and fabricated those
"Roozenbeek, J., & van der Linden, S. (2019). Fake news game confers psychological resistance against online misinformation. Palgrave Communications, 5(1), 1–10. https://doi.org/10.1057/s41599-019-0279-9",full text,fully,criterion_5,,fabricated fake news
"Amazeen, M. A., & Bucy, E. P. (2019). Conferring Resistance to Digital Disinformation: The Inoculating Influence of Procedural News Knowledge. Journal of Broadcasting & Electronic Media, 63(3), 415–432. https://doi.org/10.1080/08838151.2019.1653101",full text,fully,criterion_5,,fabricated fake news; do not provide relevant descriptive stats
"Moravec, P., Minas, R., & Dennis, A. R. (2018). Fake News on Social Media: People Believe What They Want to Believe When it Makes No Sense at All. SSRN Electronic Journal. https://doi.org/10.2139/ssrn.3269541",full text,fully,criterion_4.1,,do not provide relevant descriptive stats
"Shahid, F., Mare, S., & Vashistha, A. (2022). Examining Source Effects on Perceptions of Fake News in Rural India. Proceedings of the ACM on Human-Computer Interaction, 6(CSCW1), 1–29. https://doi.org/10.1145/3512936",full text,fully,criterion_4.1,,do not provide relevant descriptive stats
"Sirlin, N., Epstein, Z., Arechar, A. A., & Rand, D. G. (2021). Digital literacy is associated with more discerning accuracy judgments but not sharing intentions. Harvard Kennedy School Misinformation Review. https://doi.org/10.37016/mr-2020-83",full text,fully,criterion_4.1,,"only provide discernment scores, even in their datasets + data is already included under:

Epstein, Z., Sirlin, N., Arechar, A., Pennycook, G., & Rand, D. (2023). The social media context interferes with truth discernment. Science Advances, 9(9), eabo6169. https://doi.org/10.1126/sciadv.abo6169
 
(see that paper's method's section)

  "
"Panizza, F., Ronzani, P., Martini, C., Mattavelli, S., Morisseau, T., & Motterlini, M. (2022). Lateral reading and monetary incentives to spot disinformation about science. Scientific Reports, 12(1), 5678. https://doi.org/10.1038/s41598-022-09168-y",full text,fully,criterion_5,criterion_4.1,"unclear if they use real-world news, and they seem to pair misinfo with trustworthy sources for experimental manipulation; don't provide relevant descriptive stats"
"Moore, R. C., & Hancock, J. T. (2022). A digital media literacy intervention for older adults improves resilience to fake news. Scientific Reports, 12(1), 6008. https://doi.org/10.1038/s41598-022-08437-0",full text,fully,criterion_4.1,,do not provide relevant descriptive stats
"Pennycook, G., McPhetres, J., Bago, B., & Rand, D. G. (2020). Predictors of attitudes and misperceptions about COVID-19 in Canada, the U.K., and the U.S.A. 33.",full text,fully,criterion_2,,looked only at fake news
"Osmundsen, M., Petersen, M. B., Mazepus, H., Toshkov, D., & Dimitrova, A. (2022). Information battleground: Conflict perceptions motivate the belief in and sharing of fake news about the adversary [Preprint]. PsyArXiv. https://doi.org/10.31234/osf.io/s2atu",full text,fully,criterion_2,criterion_5,only looked at fake news and fabricated those
"Goldstein, J. A., Grossman, S., & Startz, M. (n.d.). Belief in COVID-19 Misinformation in Nigeria. 34.",full text,fully,criterion_2,,only looked at fake news 
"Marie, A., & Petersen, M. B. (2022). Moralization of rationality can stimulate, but intellectual humility inhibits, sharing of hostile conspiratorial rumors [Preprint]. Open Science Framework. https://doi.org/10.31219/osf.io/k7u68",full text,fully,criterion_5,,"fabricated fake news, also only presented participants with 'hostile' news"
"Perault, C. (n.d.). Adolescents’ sharing of fake news on social media. An exploratory study. 62.",full text,fully,criterion_4.1,,"no relevant descriptive stats, only discernment measures"
"Badrinathan, S., & Chauchard, S. (n.d.). Religious Messaging Against Covid-19 Misinformation: Experimental Evidence from India. 70.",full text,fully,criterion_5,,unclear whether they used real world news or made them up
"Roozenbeek, J., Freeman, A. L. J., & van der Linden, S. (2021). How Accurate Are Accuracy-Nudge Interventions? A Preregistered Direct Replication of Pennycook et al. (2020). Psychological Science, 095679762110245. https://doi.org/10.1177/09567976211024535",full text,fully,criterion_4.1,,do not provide relevant descriptive stats
"Modirrousta-Galian, A., & Higham, P. A. (2022). How Effective are Gamified Fake News Interventions? Reanalyzing Existing Research with Signal Detection Theory [Preprint]. PsyArXiv. https://doi.org/10.31234/osf.io/4bgkd",full text,fully,criterion_1,,a re-analysis of gamified fake news interventions
"Godel, W., Sanderson, Z., Aslett, K., Nagler, J., Bonneau, R., Persily, N., & Tucker, J. A. (n.d.). Moderating with the Mob: Evaluating the Efficacy of Real-Time Crowdsourced Fact-Checking. 36.",full text,fully,criterion_4.1,,"does not provide plain accuracy measures for true and fake news;
rather, it provides True Positive (TP), False Negative (FN), False Positive (FP) and True Negative (TN);
the problem is: none of these correspond to average accuracy ratings of only true news (TP vs. FN) or only fake news (TN vs. FP);
Relevant results in Table 1 are calculated as follows:
""the True Positive Rate is defined as TP/(TP + FP) and the False Positive Rate is FP/(TP + FP). The corresponding Negative Rates are defined as the same, but using negatives rather than positives.""; carfeful: they chose 'mode' as relevant summary statistics;
linkt to replication files not working"
"Epstein, Z., Berinsky, A. J., Cole, R., Gully, A., Pennycook, G., & Rand, D. G. (2021). Developing an accuracy-prompt toolkit to reduce COVID-19 misinformation online. Harvard Kennedy School Misinformation Review. https://doi.org/10.37016/mr-2020-71",full text,fully,criterion_4.1,criterion_4,"study focuses on sharing, not accuracy; nevertheless, one condition measures accuracy - however, no descriptive data availabe for this condition (only graphic from table 1, hence not included)"
"Erlich, A., Garner, C., Pennycook, G., & Rand, D. G. (n.d.). Does Analytic Thinking Insulate Against Pro-Kremlin Disinformation? Evidence from Ukraine. 51.",full text,fully,criterion_4.1,,"don't provide relevant descriptive stats in paper, also not in supplementary material"
"Dias, N., Pennycook, G., & Rand, D. G. (2020). Emphasizing publishers does not effectively reduce susceptibility to misinformation on social media. Harvard Kennedy School Misinformation Review. https://doi.org/10.37016/mr-2020-001",full text,partly,criterion_4.1,SPECIAL CASE,"study 1 and 2 were entered; study 3 was irrelevant (no news items were tested, only sources); already study 4 and 5 don't fit our criteria, because quite a few fake news turned out to be true - they selected them based on news outlet trustworthiness (c.f. comment section in the data sheet); study 6 reports measures only for fake&hyperpartisan news together -  this study is thus excluded"
"Sadeghiyeh, H., Ahmadi, I. K., Farhadbeigi, P., & Karimi, N. (2020). Cognitive reflection and the coronavirus conspiracy beliefs [Preprint]. PsyArXiv. https://doi.org/10.31234/osf.io/p9wxj",full text,fully,criterion_4.1,criterion_5,"do not use news headlines but mere 'beliefs', only one roughly-true item, no real-world news"
"Bago, B., Rand, D. G., & Pennycook, G. (2022). Does deliberation decrease belief in conspiracies? Journal of Experimental Social Psychology, 103, 104395. https://doi.org/10.1016/j.jesp.2022.104395",full text,fully,criterion_5,,"study focused on conspiracy theories, and their stimuli were not news, but researcher-written vignettes"
"McPhetres, J., Rand, D. G., & Pennycook, G. (n.d.). Character Deprecation in Fake News: Is it in Supply or Demand? 24.",full text,fully,criterion_4.1,criterion_5,"looked only at fake news; in their second study, they did not use real-world fake news only"
"Bor, A., Osmundsen, M., Rasmussen, S. H. R., Bechmann, A., & Petersen, M. B. (2020). “Fact-checking” videos reduce belief in but not the sharing of “fake news” on Twitter [Preprint]. PsyArXiv. https://doi.org/10.31234/osf.io/a7huq",full text,fully,criterion_4.1,,"do not provide relevant descriptive stats, and data is not available on the osf repository https://osf.io/r5zjv/"
"Lin, H., Pennycook, G., & Rand, D. G. (2022). Thinking more or thinking differently? Using drift-diffusion modeling to illuminate why accuracy prompts decrease misinformation sharing [Preprint]. PsyArXiv. https://doi.org/10.31234/osf.io/kf8md",full text,fully,criterion_4,,"only looks at sharing intentions, not accuracy ratings"
"Theocharis, Y., Cardenal, A., Jin, S., Aalberg, T., Hopmann, D. N., Strömbäck, J., Castro, L., Esser, F., Van Aelst, P., de Vreese, C., Corbu, N., Koc-Michalska, K., Matthes, J., Schemer, C., Sheafer, T., Splendore, S., Stanyer, J., Stępińska, A., & Štětka, V. (2021). Does the platform matter? Social media and COVID-19 conspiracy theory beliefs in 17 countries. New Media & Society, 146144482110456. https://doi.org/10.1177/14614448211045666",full text,fully,criterion_4.1,criterion_5,"focus on conspiracies, do not investigate accuracy perceptions of actual news items, whether real or fake"
"Weeks, B. E., Menchen-Trevino, E., Calabrese, C., Casas, A., & Wojcieszak, M. (2021). Partisan media, untrustworthy news sites, and political misperceptions. New Media & Society, 146144482110333. https://doi.org/10.1177/14614448211033300",full text,fully,criterion_4.1,,only look at fake news
"Pennycook, G., Epstein, Z., Mosleh, M., Arechar, A. A., Eckles, D., & Rand, D. G. (2021). Shifting attention to accuracy can reduce misinformation online. Nature, 592(7855), 590–595. https://doi.org/10.1038/s41586-021-03344-2",full text,fully,criterion_4.1,,"study 1 and study 6 would be relevant, since they include accuracy ratings - however, relevant summary statistics are not made available"
"Pennycook, G., & Rand, D. G. (n.d.). Reducing the spread of fake news by shifting attention to accuracy: Meta- analytic evidence of replicability and generalizability. 24.",full text,fully,criterion_4,,"focuses on sharing, not accuarcy"
"Lee, S., Forrest, J. P., Strait, J., Seo, H., Lee, D., & Xiong, A. (2020). Beyond Cognitive Ability: Susceptibility to Fake News Is Also Explained by Associative Inference. Extended Abstracts of the 2020 CHI Conference on Human Factors in Computing Systems, 1–8. https://doi.org/10.1145/3334480.3383077",full text,fully,criterion_4.1,,"could tecnically go in, but does not provide standard deviations for average news ratings"
"Porter, E., Velez, Y., & Wood, T. J. (n.d.). Factual Corrections and COVID-19 Misinformation: Evidence From Simultaneous Experiments in Ten Countries. 146.",full text,fully,criterion_4.1,,"study focuses on debunking of fake news, no true news stimuli"
"Madrid-Morales, D. (2021). Motivations for Sharing Misinformation: A Comparative Study in Six Sub-Saharan African Countries. 20.",full text,fully,criterion_4.1,,"interview study, focuses on misinformation and what motivates people to share, not on true news and does not provide relevant stats"
"Soprano, M., Roitero, K., La Barbera, D., Ceolin, D., Spina, D., Mizzaro, S., & Demartini, G. (2021). The Many Dimensions of Truthfulness: Crowdsourcing Misinformation Assessments on a Multidimensional Scale. Information Processing & Management, 58(6), 102710. https://doi.org/10.1016/j.ipm.2021.102710",full text,fully,criterion_4.1,,"do not have news items grouped in a binary category (true and fake) but use a continous scale as applied by the fact-checking websites they use for identification; 
also do not provide the relevant descriptive stats"
"Roitero, K., Soprano, M., Portelli, B., Spina, D., Della Mea, V., Serra, G., Mizzaro, S., & Demartini, G. (2020). The COVID-19 Infodemic: Can the Crowd Judge Recent Misinformation Objectively? Proceedings of the 29th ACM International Conference on Information & Knowledge Management, 1305–1314. https://doi.org/10.1145/3340531.3412048",full text,fully,criterion_4.1,,"do not have news items grouped in a binary category (true and fake) but use a continous scale as applied by the fact-checking websites they use for identification; 
also do not provide the relevant descriptive stats"
"En Long, V. J., Koh, W. S., Saw, Y. E., & Liu, J. C. (2020). Vulnerability to rumors during the COVID-19 pandemic: Results of a national survey [Preprint]. Public and Global Health. https://doi.org/10.1101/2020.10.01.20205187",full text,fully,criterion_4.1,,looked at false rumours on covid-19 only (no real news);  
"Roitero, K., Soprano, M., Fan, S., Spina, D., Mizzaro, S., & Demartini, G. (2020). Can The Crowd Identify Misinformation Objectively? The Effects of Judgment Scale and Assessor’s Background. Proceedings of the 43rd International ACM SIGIR Conference on Research and Development in Information Retrieval, 439–448. https://doi.org/10.1145/3397271.3401112",full text,fully,criterion_4.1,,"do not have news items grouped in a binary category (true and fake) but use a continous scale as applied by the fact-checking websites they use for identification; 
also do not provide the relevant descriptive stats"
"Wahlheim, C. N., Alexander, T. R., & Peske, C. D. (2020). Reminders of Everyday Misinformation Statements Can Enhance Memory for and Beliefs in Corrections of Those Statements in the Short Term. Psychological Science, 31(10), 1325–1339. https://doi.org/10.1177/0956797620952797",full text,fully,criterion_4.1,,do not provide relevant descriptive stats; also study focuses on re-calling (after exposure) true vs. fake news
"Vegetti, F., & Mancosu, M. (2020). The Impact of Political Sophistication and Motivated Reasoning on Misinformation. Political Communication, 37(5), 678–695. https://doi.org/10.1080/10584609.2020.1744778",full text,fully,criterion_4.1,,"do not provide relevant descriptive stats; and I don't understand their data - too bad, would have been nice data on an italian sample"
"Pehlivanoglu, D., Lin, T., Deceus, F., Heemskerk, A., Ebner, N. C., & Cahill, B. S. (2021). The role of analytical reasoning and source credibility on the evaluation of real and fake full-length news articles. Cognitive Research: Principles and Implications, 6(1), 24. https://doi.org/10.1186/s41235-021-00292-3",full text,partly,criterion_5,,"authors paired true news and fake news with both credible and non credible news sources;
since we only want real-world news, we thus only looked at a subset (half, to be precise) of their observations (we excluded those news items that were matched with an unrealistic source, e.g. when fake news were said to come from new york times, or when true news came from Liberty Writers News (non credible));
technically, even the subset that we looked at is not necessarily real-world news (e.g. a true news item might not have appeared in the new york times, although the stimulus in the study suggested so), but we consider it close enough"
"Altay, S., Hacquin, A.-S., & Mercier, H. (n.d.). Why do so few people share fake news? It hurts their reputation. New Media, 22.",full text,fully,criterion_2,,"focuses on source credibility, does not assess participants' perceptions of accuracy"
"Lyons, B. A., Montgomery, J. M., Guess, A. M., Nyhan, B., & Reifler, J. (2021). Overconfidence in news judgments is associated with false news susceptibility. Proceedings of the National Academy of Sciences, 118(23), e2019527118. https://doi.org/10.1073/pnas.2019527118",full text,fully,criterion_1,,"Data has already been integrated under: Lyons, B. (2022). Partisanship, not illiteracy: Explaining older Americans’ vulnerability to dubious news.;
We know this form e-mail exchange with the author: ""I should also mention though that this is 
mostly a re-analysis of the dataset- the Nov/Dec survey you might have 
already included for example (used in ""A digital media literacy intervention increases discernment between mainstream and false news in the United States and India"") The Oct/Nov and Nov/Dec survey data was also used in ""Overconfidence in news judgments is associated with false news susceptibility."" I used all three surveys in ""Why we should rethink the third-person effect: disentangling bias and earned confidence using behavioral data."""
"Lyons, B. A. (2022). Why we should rethink the third-person effect: Disentangling bias and earned confidence using behavioral data. Journal of Communication, jqac021. https://doi.org/10.1093/joc/jqac021",full text,fully,criterion_1,,"Data has already been integrated under: Lyons, B. (2022). Partisanship, not illiteracy: Explaining older Americans’ vulnerability to dubious news.;
We know this form e-mail exchange with the author: ""I should also mention though that this is 
mostly a re-analysis of the dataset- the Nov/Dec survey you might have 
already included for example (used in ""A digital media literacy intervention increases discernment between mainstream and false news in the United States and India"") The Oct/Nov and Nov/Dec survey data was also used in ""Overconfidence in news judgments is associated with false news susceptibility."" I used all three surveys in ""Why we should rethink the third-person effect: disentangling bias and earned confidence using behavioral data."""
"Guess, A. M., Lerner, M., Lyons, B., Montgomery, J. M., Nyhan, B., Reifler, J., & Sircar, N. (2020). A digital media literacy intervention increases discernment between mainstream and false news in the United States and India. Proceedings of the National Academy of Sciences, 117(27), 15536–15545. https://doi.org/10.1073/pnas.1920498117",full text,partly,criterion_1,,"The US survey has already been integrated under the third (Nov/Dec) survey in : Lyons, B. (2022). Partisanship, not illiteracy: Explaining older Americans’ vulnerability to dubious news. ; We know this form e-mail exchange with the author: ""I should also mention though that this is mostly a re-analysis of the dataset- the Nov/Dec survey you might have already included for example (used in ""A digital media literacy intervention increases discernment between mainstream and false news in the United States and India"") The Oct/Nov and Nov/Dec survey data was also used in ""Overconfidence in news judgments is associated with false news susceptibility."" I used all three surveys in ""Why we should rethink the third-person effect: disentangling bias and earned confidence using behavioral data."""
"Van Duyn, E., & Collier, J. (2019). Priming and Fake News: The Effects of Elite Discourse on Evaluations of News Media. Mass Communication and Society, 22(1), 29–48. https://doi.org/10.1080/15205436.2018.1511807",full text,fully,criterion_4.1,,"Study does not allow to distinguish between control and treatment condition; no public data available; descriptive stats for treatment vs. control are only available in text for true news, but not for fake news"
"Bharali, B., & Goswami, A. L. (2018). Fake News: Credibility, Cultivation Syndrome and the New Age Media. Media Watch, 9(1). https://doi.org/10.15655/mw/2018/v9i1/49277",full text,fully ,criterion_4,,does not measure perceived accuracy
"Pereira, A., & Van Bavel, J. (2018). Identity concerns drive belief in fake news. Unpublished Manuscript: Https://Psyarxiv. Com/7vc5d.",full text,fully,criterion_4.1,,"The study measures both fake and true items, but (i) they were not actual news but quotes from presidential candidates and (ii) in three distinct experiments they tested either fake or true news only "
"Anthony, A., & Moulding, R. (2019). Breaking the news: Belief in fake news and conspiracist beliefs. Australian Journal of Psychology, 71(2), 154–162. https://doi.org/10.1111/ajpy.12233",full text,fully,criterion_2,,Is only about fake news
"Stefanone, M. A., Vollmer, M., & Covert, J. M. (2019). In News We Trust?: Examining Credibility and Sharing Behaviors of Fake News. Proceedings of the 10th International Conference on Social Media and Society, 136–147. https://doi.org/10.1145/3328529.3328554",full text,fully ,criterion_4.1,,would be relevant but does not provide relevant summary statistics; since it's on US sample and small n (~200) we don't bother asking
"Visentin, M., Pizzi, G., & Pichierri, M. (2019). Fake News, Real Problems for Brands: The Impact of Content Truthfulness and Source Credibility on consumers’ Behavioral Intentions toward the Advertised Brands. Journal of Interactive Marketing, 45, 99–112. https://doi.org/10.1016/j.intmar.2018.09.001",full text,fully ,criterion_4.1,criterion_5,does not provide relevant descriptive stats and pairs fake news with credible sources and vice versa
"Kim, S., & Kim, S. (2020). The Crisis of Public Health and Infodemic: Analyzing Belief Structure of Fake News about COVID-19 Pandemic. Sustainability, 12(23), 9904. https://doi.org/10.3390/su12239904",full text,fully ,criterion_4.1,criterion_2,does not provide relevant descriptive stats and is only about fake news
"Halpern, D., Valenzuela, S., Katz, J., & Miranda, J. P. (2019). From Belief in Conspiracy Theories to Trust in Others: Which Factors Influence Exposure, Believing and Sharing Fake News. In G. Meiselwitz (Ed.), Social Computing and Social Media. Design, Human Behavior and Analytics (Vol. 11578, pp. 217–232). Springer International Publishing. https://doi.org/10.1007/978-3-030-21902-4_16",full text,fully,criterion_2,,look only at fake news
"Melki, J., Tamim, H., Hadid, D., Makki, M., El Amine, J., & Hitti, E. (2021). Mitigating infodemics: The relationship between news exposure and trust and belief in COVID-19 fake news and social media spreading. PLOS ONE, 16(6), e0252830. https://doi.org/10.1371/journal.pone.0252830",full text,fully ,criterion_2,,look only at fake news
"Ali, K., Li, C., Zain-ul-abdin, K., & Zaffar, M. A. (2022). Fake news on Facebook: Examining the impact of heuristic cues on perceived credibility and sharing intention. Internet Research, 32(1), 379–397.",abstract,fully ,criterion_3,,"paper not accessible; since small n (~200, and probably US) we don't bother asking"
"Martin, J. D., & Hassan, F. (2020). News Media Credibility Ratings and Perceptions of Online Fake News Exposure in Five Countries. Journalism Studies, 21(16), 2215–2233. https://doi.org/10.1080/1461670X.2020.1827970",full text,fully ,criterion_4,,"does measure accuracy of news, also only focuses on fake news"
"Grady, R. H., Ditto, P. H., & Loftus, E. F. (2021). Nevertheless, partisanship persisted: Fake news warnings help briefly, but bias returns with time. Cognitive Research: Principles and Implications, 6(1), 52. https://doi.org/10.1186/s41235-021-00315-z",full text,fully ,criterion_5,,fake news stories were made up and true new stories were written by authors too (based on actual news)
"Paskin, D. (n.d.). Real or Fake News: Who Knows? 7(2).",full text,fully,criterion_2,,"it is unclear whether the author used real-world headlines and where he got them from; it's not explicitly mentioned where the sample is from, but presumably US"
"Gaonkar, S., Itagi, S., Chalippatt, R., Gaonkar, A., Aswale, S., & Shetgaonkar, P. (2019). Detection Of Online Fake News: A Survey. 2019 International Conference on Vision Towards Emerging Trends in Communication and Networking (ViTECoN), 1–6. https://doi.org/10.1109/ViTECoN.2019.8899556",full text,fully ,criterion_4.1,,does not provide participant ratings of news items; paper is about training an algorythm to discern true and fake news
"Moravec, P. L., Kim, A., Dennis, A. R., & Minas, R. K. (2022). Do You Really Know if It’s True? How Asking Users to Rate Stories Affects Belief in Fake News on Social Media. Information Systems Research, 33(3), 887–907. https://doi.org/10.1287/isre.2021.1090",full text,fully,criterion_4.1,,do not provide relevant summary stats
"Gao, M., Xiao, Z., Karahalios, K., & Fu, W.-T. (2018). To Label or Not to Label: The Effect of Stance and Credibility Labels on Readers’ Selection and Perception of News Articles. Proceedings of the ACM on Human-Computer Interaction, 2(CSCW), 1–16. https://doi.org/10.1145/3274324",full text,fully,criterion_4,,does not measure accuracy 
"Wagner, M. C., & Boczkowski, P. J. (2019). The reception of fake news: The interpretations and practices that shape the consumption of perceived misinformation. Digital Journalism, 7(7), 870–885.",abstract,fully,criterion_4,,"interview study, does not measure accuracy, focuses on fake news"
"Salvi, C., Iannello, P., Cancer, A., McClay, M., Rago, S., Dunsmoor, J. E., & Antonietti, A. (2021). Going Viral: How Fear, Socio-Cognitive Polarization and Problem-Solving Influence Fake News Detection and Proliferation During COVID-19 Pandemic. Frontiers in Communication, 5, 562588. https://doi.org/10.3389/fcomm.2020.562588",full text,fully,criterion_5,criterion_4.1,did not use real world news items and do not provide summary stats 
"Faragó, L., Kende, A., & Krekó, P. (2020). We Only Believe in News That We Doctored Ourselves: The Connection Between Partisanship and Political Fake News. Social Psychology, 51(2), 77–90. https://doi.org/10.1027/1864-9335/a000391",full text,fully,criterion_5,criterion_2,"created their own news (even though apparently based on social media discourse) and focused on fake news. Study 1 appears to have also featured true news, but no description in the paper about them."
"Moravec, P., Kim, A., & Dennis, A. (n.d.). Flagging Fake News: System 1 vs. System 2.",full text,fully,criterion_5,criterion_2,used made up headlines and focused on fake news
"Leeder, C. (2019). How college students evaluate and share “fake news” stories. Library & Information Science Research, 41(3), 100967. https://doi.org/10.1016/j.lisr.2019.100967",full text,fully,criterion_4.1,,does not provide relevant summary statistics -no SDs provided.
"Saadany, H., Mohamed, E., & Orasan, C. (2020). Fake or real? A study of Arabic satirical fake news. ArXiv Preprint ArXiv:2011.00452.",abstract,fully,criterion_4,,"no participants who evaluate accuarcy, aim is to train an alogrythm to detect fake news"
"Fazio, L. (2020). Pausing to consider why a headline is true or false can help reduce the sharing of false news. Harvard Kennedy School Misinformation Review. https://doi.org/10.37016/mr-2020-009",full text,fully,criterion_4,,"do not measure perceived accuracy, focus on sharing"
"Freeze, M., Baumgartner, M., Bruno, P., Gunderson, J. R., Olin, J., Ross, M. Q., & Szafran, J. (2021). Fake Claims of Fake News: Political Misinformation, Warnings, and the Tainted Truth Effect. Political Behavior, 43(4), 1433–1465. https://doi.org/10.1007/s11109-020-09597-3",full text,fully,criterion_5,,"not only did they make their news up, but also did they pair true news warning labels for fake news (misleading lables); no clear control condition"
"Santos, R., Pedro, G., Leal, S., Vale, O., Pardo, T., Bontcheva, K., & Scarton, C. (2020). Measuring the impact of readability features in fake news detection. Proceedings of the 12th Language Resources and Evaluation Conference, 1404–1413.",abstract,fully,criterion_4,,"no participants who evaluate accuarcy, aim is to train an alogrythm to detect fake news"
"Ahinkorah, B. O., Ameyaw, E. K., Hagan, J. E., Seidu, A.-A., & Schack, T. (2020). Rising Above Misinformation or Fake News in Africa: Another Strategy to Control COVID-19 Spread. Frontiers in Communication, 5, 45. https://doi.org/10.3389/fcomm.2020.00045",full text,fully,criterion_4,,does not provide any data
"Gaozhao, D. (2021). Flagging fake news on social media: An experimental study of media consumers’ identification of fake news. Government Information Quarterly, 38(3), 101591. https://doi.org/10.1016/j.giq.2021.101591",full text,fully,criterion_4.1,,does not provide relevant summary statistics and public data is not available to calculate them ourselves
"Wasserman, H., & Madrid-Morales, D. (2019). An Exploratory Study of “Fake News” and Media Trust in Kenya, Nigeria and South Africa. African Journalism Studies, 40(1), 107–123. https://doi.org/10.1080/23743670.2019.1627230",abstract,fully,criterion_4,,did not let participants rate news headlines
"Simko, J., Hanakova, M., Racsko, P., Tomlein, M., Moro, R., & Bielikova, M. (2019). Fake News Reading on Social Media: An Eye-tracking Study. Proceedings of the 30th ACM Conference on Hypertext and Social Media, 221–230. https://doi.org/10.1145/3342220.3343642",full text,fully,criterion_2,,some of the fake news articles were made up by the authors
"Corbu, N., Bârgăoanu, A., Buturoiu, R., & Ștefăniță, O. (2020). Does fake news lead to more engaging effects on social media? Evidence from Romania. Communications, 45(s1), 694–717. https://doi.org/10.1515/commun-2019-0152",full text,fully,criterion_2,,study relied on a single news items that researchers created various versions of (among which some that were factually not accurate)
"Garg, N., & Yadav, M. (n.d.). Fact-Checking and Beliefs: Field Experiment in India [Data set]. American Economic Association. https://doi.org/10.1257/rct.7923",full text,fully ,criterion_4.1,,"does not report relevant summary stats; we contacted the authors three times because India and great study, but no response, so dissapointing. "
"Baptista, J. P., Correia, E., Gradim, A., & Piñeiro-Naval, V. (2021). The Influence of Political Ideology on Fake News Belief: The Portuguese Case. Publications, 9(2), 23. https://doi.org/10.3390/publications9020023",full text,fully ,EXCEPTION,,"they use a very asymmetric scale, and results favor our hypotheses, including it seems like cheating"
"Calvillo, D. P., & Smelter, T. J. (2020). An initial accuracy focus reduces the effect of prior exposure on perceived accuracy of news headlines. Cognitive Research: Principles and Implications, 5(1), 55. https://doi.org/10.1186/s41235-020-00257-y",full text,fully,criterion_4.2,,no clear control condition (we collected data anyways but exclude it for our analysis)
Emma Hoes et al. (2023) Prominent Misinformation Interventions Reduce Misperceptions but Increase Skepticism,full text,fully,criterion_5,,"researchers made up their fake news items (we collected data anyways, since didn't realize this first, but will exclude this data from all analysis)"
"Gehle, L., Hameleers, M., Tulin, M., de Vreese, C. H., Aalberg, T., Van Aelst, P., Cardenal, A. S., Corbu, N., van Erkel, P., Esser, F., Halagiera, D., Hopmann, D. N., Koc-Michalska, K., Matthes, J., Meltzer, C., Splendore, S., Stanyer, J., Stępińska, A., Štětka, V., … Zoizner, A. (2024). Misinformation Detection in the Context of the Russian Invasion of Ukraine: Evidence from Original Survey Data Collected in 19 Democracies. International Journal of Public Opinion Research.",abstract,fully,criterion_1,,"data has already been included under Hameleers, M., Tulin, M., De Vreese, C., Aalberg, T., Van Aelst, P., Cardenal, A. S., Corbu, N., Van Erkel, P., Esser, F., Gehle, L., Halagiera, D., Hopmann, D., Koc‐Michalska, K., Matthes, J., Meltzer, C., Mihelj, S., Schemer, C., Sheafer, T., Splendore, S., … Zoizner, A. (2023). Mistakenly misinformed or intentionally deceived? Mis‐ and Disinformation perceptions on the Russian War in Ukraine among citizens in 19 countries. European Journal of Political Research, 1475-6765.12646. https://doi.org/10.1111/1475-6765.12646"
"Pereira, F. B., Bueno, N. S., Nunes, F., & Pavão, N. (2023). Inoculation Reduces Misinformation: Experimental Evidence from Multidimensional Interventions in Brazil. Journal of Experimental Political Science, 1–12. https://doi.org/10.1017/XPS.2023.11",full text,partly,criterion_2,,"we exclude study one because it only measured acceptance of false news. We include, however, study 2 which is about both"
"Angelucci, C., & Prat, A. (2024). Is Journalistic Truth Dead? Measuring How Informed Voters Are about Political News. American Economic Review, 114(4), 887–925. https://doi.org/10.1257/aer.20211003",full text,fully,criterion_4,,"they basically told participants: here are 6 news items, which are the three true ones?. To be a valid entry for our analysis, we have to assume that selecting one item as true is equal to rating it as ""accurate"" on a binary accuracy rating scale. That does not seem sound, because ratings of true and false news are not independent of each other, and in this way it differs from the other studies."
"Ford, T., Yankoski, M., Facciani, M., & Weninger, T. (2023). Online media literacy intervention in Indonesia reduces misinformation sharing intention. Journal of Media Literacy Education, 15(2), 99–123. https://doi.org/10.23860/JMLE-2023-15-2-8",full text,fully,criterion_4.1,criterion_5,"they write that they ""generated"" items, and no further explanation, so we assume they did not use real world headlines. no relevant summary statistics or data available "
"Koetke, J., Schumann, K., Porter, T., & Smilo-Morgan, I. (2023). Fallibility Salience Increases Intellectual Humility: Implications for People’s Willingness to Investigate Political Misinformation. Personality and Social Psychology Bulletin, 49(5), 806–820. https://doi.org/10.1177/01461672221080979",full text,partly,criterion_2,criterion_5,"we included study one, but not study two (only on misinformation) and study three (not investigating news items veracity judgements at all)"
"Lu, C., Hu, B., Li, Q., Bi, C., & Ju, X.-D. (2023). Psychological Inoculation for Credibility Assessment, Sharing Intention, and Discernment of Misinformation: Systematic Review and Meta-Analysis. Journal of Medical Internet Research, 25(1), e49255. https://doi.org/10.2196/49255",abstract,fully ,criterion_1,,a meta analysis with no original data
"Seo, H., Xiong, A., & Lee, D. (2019). Trust It or Not: Effects of Machine-Learning Warnings in Helping Individuals Mitigate Misinformation. Proceedings of the 10th ACM Conference on Web Science, 265–274. https://doi.org/10.1145/3292522.3326012",full text,fully,criterion_4.1,,do not provide relevant summary stats (the sd's)
"Hameleers, M., & van der Meer, T. (2023). Striking the balance between fake and real: Under what conditions can media literacy messages that warn about misinformation maintain trust in accurate information? Behaviour & Information Technology, 0(0), 1–13. https://doi.org/10.1080/0144929X.2023.2267700",full text,fully,criterion_4.1,,do not provide relevant summary stats
"Stoeckel, F., Stöckli, S., Ceka, B., Ricchi, C., Lyons, B., & Reifler, J. (2024). Social corrections act as a double-edged sword by reducing the perceived accuracy of false and real news in the UK, Germany, and Italy. Communications Psychology, 2(1), 1–17. https://doi.org/10.1038/s44271-024-00057-w",full text,fully,criterion_4.1,,no relevant summary stats and their data documentation does not permit us to analyze it
"Levari, D., Martel, C., Orchinik, R., Bhui, R., Seli, P., Pennycook, G., & Rand, D. (2024). Blatantly false news increases belief in news that is merely implausible. OSF. https://doi.org/10.31234/osf.io/cz7vy",full text,fully,criterion_4.1,,do not provide relevant summary stats and no data available
"Hu, B., Ju, X.-D., Liu, H.-H., Wu, H.-Q., Bi, C., & Lu, C. (2023). Game-based inoculation versus graphic-based inoculation to combat misinformation: A randomized controlled trial. Cognitive Research: Principles and Implications, 8(1), 49. https://doi.org/10.1186/s41235-023-00505-x",full text,fully,criterion_4.1,,do not provide relevant summary stats and their data does not allow to calculate accuracy ratings (they only provide summarized data for discernment)
"Maertens, R., Roozenbeek, J., Basol, M., & Van Der Linden, S. (2021). Long-term effectiveness of inoculation against misinformation: Three longitudinal experiments. Journal of Experimental Psychology: Applied, 27(1), 1–16. https://doi.org/10.1037/xap0000315",full text,fully,criterion_5,,they made up their fake news
"Roozenbeek, J., van der Linden, S., Goldberg, B., Rathje, S., & Lewandowsky, S. (2022). Psychological inoculation improves resilience against misinformation on social media. Science Advances, 8(34), eabo6254. https://doi.org/10.1126/sciadv.abo6254",full text,fully,criterion_5,,they made up all items
"Scheufele, D. A., & Krause, N. M. (2019). Science audiences, misinformation, and fake news. Proceedings of the National Academy of Sciences, 116(16), 7662–7669. https://doi.org/10.1073/pnas.1805871115",full text,fully,criterion_1,,review article
"Zhou, X., & Zafarani, R. (2021). A Survey of Fake News: Fundamental Theories, Detection Methods, and Opportunities. ACM Computing Surveys, 53(5), 1–40. https://doi.org/10.1145/3395046",full text,fully,criterion_1,,theoretical and review article
"Aslett, K., Sanderson, Z., Godel, W., Persily, N., Nagler, J., Bonneau, R., & Tucker, J. A. (2023). Testing the Effect of Information on Discerning the Veracity of News in Real Time. Journal of Experimental Political Science, 1–15. https://doi.org/10.1017/XPS.2023.20",full text,fully,criterion_1,,"from double checking their pre-registrations, it seems like the data is the same as in their nature paper (although the latter includes more studies), which we included already;

  Aslett, K., Sanderson, Z., Godel, W., Persily, N., Nagler, J., & Tucker, J. A. (2024). Online searches to evaluate misinformation can increase its perceived veracity. Nature, 625(7995), 548–556. https://doi.org/10.1038/s41586-023-06883-y
  "
"Jia, C., Boltz, A., Zhang, A., Chen, A., & Lee, M. K. (2022). Understanding Effects of Algorithmic vs. Community Label on Perceived Accuracy of Hyper-partisan Misinformation. Proceedings of the ACM on Human-Computer Interaction, 6(CSCW2), 371:1-371:27. https://doi.org/10.1145/3555096",full text,fully,criterion_4.1,,do not provide relevant summary statistics; also relied on tweets and not clear if these are tweets from news outlets
"Pillai, R. M., & Fazio, L. K. (2021). The effects of repeating false and misleading information on belief. WIREs Cognitive Science, 12(6), e1573. https://doi.org/10.1002/wcs.1573",abstract,fully,criterion_1,,review article
"Porshnev, A., Miltsov, A., Lokot, T., & Koltsova, O. (2021). Effects of Conspiracy Thinking Style, Framing and Political Interest on Accuracy of Fake News Recognition by Social Media Users: Evidence from Russia, Kazakhstan and Ukraine. In G. Meiselwitz (Ed.), Social Computing and Social Media: Experience Design and Social Network Analysis (Vol. 12774, pp. 341–357). Springer International Publishing. https://doi.org/10.1007/978-3-030-77626-8_23",full text,fully,criterion_5,,made up fake news
"Lee, J. (2022). The effect of web add-on correction and narrative correction on belief in misinformation depending on motivations for using social media. Behaviour & Information Technology, 41(3), 629–643. https://doi.org/10.1080/0144929X.2020.1829708",abstract,fully,criterion_2,criterion_3,only look at fake news; full text not accessible
"Kim, S., Capasso, A., Ali, S. H., Headley, T., DiClemente, R. J., & Tozan, Y. (2022). What predicts people’s belief in COVID-19 misinformation? A retrospective study using a nationwide online survey among adults residing in the United States. BMC Public Health, 22(1), 2114. https://doi.org/10.1186/s12889-022-14431-y",abstract,fully,criterion_2,,only look at fake news
"Kim, K., Lee, C., Ihm, J., & Kim, Y. (2022). A comprehensive examination of association between belief in vaccine misinformation and vaccination intention in the COVID-19 context. Journal of Health Communication, 27(7), 495–509. https://doi.org/10.1080/10810730.2022.2130479",abstract,fully,criterion_2,,only look at fake news
"Xiang, H., Zhou, J., & Wang, Z. (2023). Reducing Younger and Older Adults’ Engagement with COVID-19 Misinformation: The Effects of Accuracy Nudge and Exogenous Cues. International Journal of Human–Computer Interaction, 1–16. https://doi.org/10.1080/10447318.2022.2158263",full text,fully,criterion_4.1,,do not provide relevant summary stats and no data available
"Yang, Y., Yu, G., Pan, J., & Kreps, G. L. (2023). Public trust in sources and channels on judgment accuracy in food safety misinformation with the moderation effect of self-affirmation: Evidence from the HINTS-China database. World Medical & Health Policy, 15(2), 148–162. https://doi.org/10.1002/wmh3.544",full text,fully,criterion_2,,only look at fake news
"Bachmann, I., & Valenzuela, S. (2023). Studying the Downstream Effects of Fact-Checking on Social Media: Experiments on Correction Formats, Belief Accuracy, and Media Trust. Social Media + Society, 9(2), 20563051231179694. https://doi.org/10.1177/20563051231179694",full text,fully,criterion_2,,only look at fake news
"Ecker, U. K. H., & Ang, L. C. (2019). Political Attitudes and the Processing of Misinformation Corrections. Political Psychology, 40(2), 241–260. https://doi.org/10.1111/pops.12494",abstract,fully,criterion_2,criterion_5,only look at fake news and make them up
"van der Linden, S., Leiserowitz, A., Rosenthal, S., & Maibach, E. (2017). Inoculating the Public against Misinformation about Climate Change. Global Challenges, 1(2), 1600008. https://doi.org/10.1002/gch2.201600008",full text,fully,criterion_2,,only look at fake news and don't measure accuracy
"Ecker, U. K. H., Lewandowsky, S., & Tang, D. T. W. (2010). Explicit warnings reduce but do not eliminate the continued influence of misinformation. Memory & Cognition, 38(8), 1087–1100. https://doi.org/10.3758/MC.38.8.1087",full text,fully,criterion_2,criterion_5,only look at fake news (or better a story) and make them up
"Epstein, Z., Pennycook, G., & Rand, D. (2020). Will the Crowd Game the Algorithm? Using Layperson Judgments to Combat Misinformation on Social Media by Downranking Distrusted Sources. Proceedings of the 2020 CHI Conference on Human Factors in Computing Systems, 1–11. https://doi.org/10.1145/3313831.3376232",full text,fully,criterion_2,criterion_4,"do not look at accuracy evaluations of news items, but let participants rank news outlets"
"Ecker, U. K. H., Lewandowsky, S., & Chadwick, M. (2020). Can corrections spread misinformation to new audiences? Testing for the elusive familiarity backfire effect. Cognitive Research: Principles and Implications, 5(1), 41. https://doi.org/10.1186/s41235-020-00241-6",full text,fully,criterion_4,criterion_5,"they meausre accuracy in two ways: (i)  by asking questions about the content of the news items (two questions per news items). They report the score of these questions as ""inference scores"". (ii) by asking about ""claim belief"" on a scale from 0 (certainly false) to 19 (certainly true); however, they do not provide the number for that latter measure that would be of interest to us (only in figures); further, it is not at all clear where their news items come from; also, they pre-selected their items to not be familiar; the data is not well enough documented for us to understand"
"Kricorian, K., Civen, R., & Equils, O. (2022). COVID-19 vaccine hesitancy: Misinformation and perceptions of vaccine safety. Human Vaccines & Immunotherapeutics, 18(1), 1950504. https://doi.org/10.1080/21645515.2021.1950504",abstract,fully,criterion_2,,only look at fake news
"Pluviano, S., Watt, C., Ragazzini, G., & Della Sala, S. (2019). Parents’ beliefs in misinformation about vaccines are strengthened by pro-vaccine campaigns. Cognitive Processing, 20(3), 325–331. https://doi.org/10.1007/s10339-019-00919-w",abstract,fully,criterion_2,,only look at fake news
"Tu, F. (2024). Empowering social media users: Nudge toward self-engaged verification for improved truth and sharing discernment. Journal of Communication, jqae007. https://doi.org/10.1093/joc/jqae007",abstract,fully ,criterion_3,,paper not accessible 
"Tseng, Y.-C., & Yuan, C. W. (Tina). (2023). Investigating Perceived Message Credibility and Detection Accuracy of Fake and Real Information Across Information Types and Modalities. Extended Abstracts of the 2023 CHI Conference on Human Factors in Computing Systems, 1–7. https://doi.org/10.1145/3544549.3585719",abstract,fully ,criterion_3,,paper not accessible 
"Benegal, S. D., & Scruggs, L. A. (2018). Correcting misinformation about climate change: The impact of partisanship in an experimental setting. Climatic Change, 148(1–2), 61–80. https://doi.org/10.1007/s10584-018-2192-4",full text,fully,criterion_2,criterion_5,only look at fake news and make them up
"Pointon, M., Walton, G., Turner, M., Lackenby, M., Barker, J., & Wilkinson, A. (2023). Information discernment and online reading behaviour: An experiment. Online Information Review, 47(3), 522–549. https://doi.org/10.1108/OIR-02-2021-0101",full text,fully,criterion_4,criterion_5,"eye-tracking study; they do not seem to have measured accuracy, unclear if they relied on real-world news items, and no summary measures"
"Berinsky, A. J. (2023). Political Rumors: Why We Accept Misinformation and How to Fight It.",abstract,fully,criterion_1,criterion_3,"a book with, it seems, no original data; not accessible"
"Traberg, C. S., Harjani, T., Roozenbeek, J., & van der Linden, S. (2024). The persuasive effects of social cues and source effects on misinformation susceptibility. Scientific Reports, 14(1), 4205. https://doi.org/10.1038/s41598-024-54030-y",full text,fully,criterion_5,,"out of the 5 studies, it seems that only study 1b and study 2 used real-world items; however, these items seem to be twitter posts that do not necessarily come from news outlets; we therefor decide to exclude the study"
"Craig, S. C., & Gainous, J. (2024). To vote or not to vote? Fake news, voter fraud, and support for postponing the 2020 U.S. presidential election. Politics & Policy, 52(1), 33–50. https://doi.org/10.1111/polp.12577",abstract,fully,criterion_2,,only look at fake news and don't measure accuracy
"Teličák, P., Šrol, J., & Halama, P. (2024). Argument-based intervention as a way to reduce covid-19 unfounded beliefs and vaccination hesitancy. Applied Cognitive Psychology, 38(2), e4187. https://doi.org/10.1002/acp.4187",abstract,fully,criterion_2,,do not let participants evaluate accuracy of news items
"Martel, C., Allen, J., Pennycook, G., & Rand, D. G. (2024). Crowds Can Effectively Identify Misinformation at Scale. Perspectives on Psychological Science, 19(2), 477–488. https://doi.org/10.1177/17456916231190388",full text,fully,criterion_1,,review article with no original data
"Resnick, P., Alfayez, A., Im, J., & Gilbert, E. (2023). Searching for or reviewing evidence improves crowdworkers’ misinformation judgments and reduces partisan bias. Collective Intelligence, 2(2), 26339137231173407. https://doi.org/10.1177/26339137231173407",full text,fully,criterion_4.1,,do not provide relevant summary stats and no data available
"Resnick, P., Alfayez, A., Im, J., & Gilbert, E. (2023). Searching for or reviewing evidence improves crowdworkers’ misinformation judgments and reduces partisan bias. Collective Intelligence, 2(2), 26339137231173407. https://doi.org/10.1177/26339137231173407",full text,fully,criterion_4.1,,do not provide relevant summary stats and no data available
"Allen, J., Martel, C., & Rand, D. G. (2022). Birds of a feather don’t fact-check each other: Partisanship and the evaluation of news in Twitter’s Birdwatch crowdsourced fact-checking program. Proceedings of the 2022 CHI Conference on Human Factors in Computing Systems, 1–19. https://doi.org/10.1145/3491102.3502040",full text,fully,criterion_4.1,,do not provide relevant summary stats and no data available
"Horvath, L., Stevens, D., Banducci, S., Popp, R., & Coan, T. (2024). Correcting campaign misinformation: Experimental evidence from a two-wave panel study. Harvard Kennedy School Misinformation Review. https://doi.org/10.37016/mr-2020-132",full text,fully,criterion_2,,"only look at one fake news item, no true news"
"Alon, A. T., Rahimi, I. D., & Tahar, H. (2024). Fighting fake news on social media: A comparative evaluation of digital literacy interventions. Current Psychology. https://doi.org/10.1007/s12144-024-05668-4",full text,fully,criterion_2,,"only look at one fake news item, no true news"
"Gollwitzer, A., Bao, E., & Oettingen, G. (n.d.). Intellectual humility as a tool to combat false beliefs: An individual-based approach to belief revision. British Journal of Social Psychology, n/a(n/a). https://doi.org/10.1111/bjso.12732",full text,fully,criterion_2,,participants did not evaluate news items
"Buczel, K. A., Siwiak, A., Szpitalak, M., & Polczyk, R. (2024). How do forewarnings and post-warnings affect misinformation reliance? The impact of warnings on the continued influence effect and belief regression. Memory & Cognition. https://doi.org/10.3758/s13421-024-01520-z",abstract,fully,criterion_2,,only look at misinformation
"Badrinathan, S., & Chauchard, S. (2024). “I Don’t Think That’s True, Bro!” Social Corrections of Misinformation in India. The International Journal of Press/Politics, 29(2), 394–416. https://doi.org/10.1177/19401612231158770",full text,fully,criterion_5,,"made up whatsapp conversations, no real world news"
"Fahey, J. J. (2023). The Big Lie: Expressive Responding and Misperceptions in the United States. Journal of Experimental Political Science, 10(2), 267–278. https://doi.org/10.1017/XPS.2022.33",full text,fully,criterion_2,,only look at misinformation
"Zhao, X., Hingle, A., Shaw, C. C., Murphy, A., Riddick, B. R., Mhonde, R. R. D., Taylor, B. G., Lamuda, P. A., Pollack, H. A., Schneider, J. A., & Taxman, F. S. (2024). Endorsement of COVID-19 misinformation among criminal legal involved individuals in the United States: Prevalence and relationship with information sources. PLOS ONE, 19(1), e0296752. https://doi.org/10.1371/journal.pone.0296752",abstract,fully,criterion_2,,only look at misinformation
"Tulin, M., Hameleers, M., de Vreese, C., Aalberg, T., Corbu, N., Van Erkel, P., Esser, F., Gehle, L., Halagiera, D., Hopmann, D. N., Koc-Michalska, K., Matthes, J., Mihelj, S., Schemer, C., Stetka, V., Strömbäck, J., Terren, L., & Theocharis, Y. (2024). Why do Citizens Choose to Read Fact-Checks in the Context of the Russian War in Ukraine? The Role of Directional and Accuracy Motivations in Nineteen Democracies. The International Journal of Press/Politics, 19401612241233533. https://doi.org/10.1177/19401612241233533",full text,fully,criterion_1,,"data already integrated under Hameleers, M., Tulin, M., De Vreese, C., Aalberg, T., Van Aelst, P., Cardenal, A. S., Corbu, N., Van Erkel, P., Esser, F., Gehle, L., Halagiera, D., Hopmann, D., Koc‐Michalska, K., Matthes, J., Meltzer, C., Mihelj, S., Schemer, C., Sheafer, T., Splendore, S., … Zoizner, A. (2023). Mistakenly misinformed or intentionally deceived? Mis‐ and Disinformation perceptions on the Russian War in Ukraine among citizens in 19 countries. European Journal of Political Research, 1475-6765.12646. https://doi.org/10.1111/1475-6765.12646"
"Lwin, M. O., Sheldenkar, A., & Tng, P. L. (2024). You must be myths-taken: Examining belief in falsehoods during the COVID-19 health crisis. PLOS ONE, 19(3), e0294471. https://doi.org/10.1371/journal.pone.0294471",abstract,fully,criterion_2,,only look at misinformation
"Spampatti, T., Hahnel, U. J. J., Trutnevyte, E., & Brosch, T. (2023). Psychological inoculation strategies to fight climate disinformation across 12 countries. Nature Human Behaviour. https://doi.org/10.1038/s41562-023-01736-0",full text,fully,criterion_2,,only look at misinformation
"Buchanan, R., & Zhong, L. (2023). (Mis)Informing the public? The public’s responsiveness to reliable and unreliable information in illiberal information environments. Social Science Quarterly, 104(5), 1034–1048. https://doi.org/10.1111/ssqu.13298",abstract,fully ,criterion_3,,paper not accessible 
"Lee, J., Kang, D., Lee, H. Y., & Kim, J. W. (2023). The effects of authoritative source cue and argument strength of correction tweets on MMR vaccine-related misinformation credibility. Health Education Journal, 82(8), 935–951. https://doi.org/10.1177/00178969231210215",abstract,fully,criterion_2,,only look at misinformation
"Skarpa, P. E., Simoglou, K. B., & Garoufallou, E. (2023). Russo-Ukrainian War and Trust or Mistrust in Information: A Snapshot of Individuals’ Perceptions in Greece. Journalism and Media, 4(3), Article 3. https://doi.org/10.3390/journalmedia4030052",abstract,fully,criterion_4,,do not seem to have measured accuracy
"Arechar, A. A., Allen, J. N. L., berinsky, adam, Cole, R., Epstein, Z., Garimella, K., Gully, A., Lu, J. G., Ross, R. M., Stagnaro, M., Zhang, J., Pennycook, G., & Rand, D. G. (2022). Understanding and Reducing Online Misinformation Across 16 Countries on Six Continents [Preprint]. PsyArXiv. https://doi.org/10.31234/osf.io/a9frz",full text,fully,criterion_1,,"data already integrated under Arechar, A. A., Allen, J., Berinsky, A. J., Cole, R., Epstein, Z., Garimella, K., Gully, A., Lu, J. G., Ross, R. M., Stagnaro, M. N., Zhang, Y., Pennycook, G., & Rand, D. G. (2023). Understanding and combatting misinformation across 16 countries on six continents. Nature Human Behaviour, 7(9), 1502–1513. https://doi.org/10.1038/s41562-023-01641-6"
"Prike, T., Blackley, P., Swire-Thompson, B., & Ecker, U. K. H. (2023). Examining the replicability of backfire effects after standalone corrections. Cognitive Research: Principles and Implications, 8(1), 39. https://doi.org/10.1186/s41235-023-00492-z",abstract,fully,criterion_2,,"focus on stand alone correction messages, no true news items ratings"
"Collier, J. R., Pillai, R. M., & Fazio, L. K. (2023). Multiple-choice quizzes improve memory for misinformation debunks, but do not reduce belief in misinformation. Cognitive Research: Principles and Implications, 8(1), 37. https://doi.org/10.1186/s41235-023-00488-9",full text,fully,criterion_2,criterion_4.1,"study 1 and 2 focus on fake news; control condition of study 3 would be relevant, but from their data (although otherwise well documented), we can't tear the different experimental conditions apart"
"Aspernäs, J., Erlandsson, A., & Nilsson, A. (2023). Misperceptions in a post-truth world: Effects of subjectivism and cultural relativism on bullshit receptivity and conspiracist ideation. Journal of Research in Personality, 105, 104394. https://doi.org/10.1016/j.jrp.2023.104394",abstract,fully,criterion_2,,do not let participants evaluate news items and focus on misinformation
"Neylan, J., Biddlestone, M., Roozenbeek, J., & van der Linden, S. (2023). How to “inoculate” against multimodal misinformation: A conceptual replication of Roozenbeek and van der Linden (2020). Scientific Reports, 13(1), 18273. https://doi.org/10.1038/s41598-023-43885-2",full text,fully,criterion_2,criterion_5,"focus on misinformation only, and half of the stimuli are made up"
"Coppock, A., Gross, K., Porter, E., Thorson, E., & Wood, T. J. (2023). Conceptual Replication of Four Key Findings about Factual Corrections and Misinformation during the 2020 US Election: Evidence from Panel-Survey Experiments. British Journal of Political Science, 53(4), 1328–1341. https://doi.org/10.1017/S0007123422000631",full text,fully,criterion_2,,focus on misinformation 
"Taurino, A., Colucci, M. H., Bottalico, M., Franco, T. P., Volpe, G., Violante, M., Grattagliano, I., & Laera, D. (2023). To believe or not to believe: Personality, cognitive, and emotional factors involving fake news perceived accuracy. Applied Cognitive Psychology, 37(6), 1444–1454. https://doi.org/10.1002/acp.4136",abstract,fully,criterion_2,,focus on fake news
"Kotz, J., Giese, H., & König, L. M. (2023). How to debunk misinformation? An experimental online study investigating text structures and headline formats. British Journal of Health Psychology, 28(4), 1097–1112. https://doi.org/10.1111/bjhp.12670",abstract,fully,criterion_2,criterion_4.2,focus on misinformation and no neutral control
"Xu, X., Lin, C. A., & Chen, H. (2023). Exploring COVID-19 Vaccine Misinformation Exposure, Beliefs, Fear, and Information Avoidance via the Stimulus–Organism–Response Framework. Science Communication, 45(6), 824–850. https://doi.org/10.1177/10755470231207611",abstract,fully,criterion_2,,focus on misinformation 
"Ospina, J., Orosz, G., & Spencer, S. (2023). The relation between authoritarian leadership and belief in fake news. Scientific Reports, 13(1), 12860. https://doi.org/10.1038/s41598-023-39807-x",abstract,fully,criterion_2,,focus on fake news
"Porter, E., Velez, Y., & Wood, T. J. (2023). Correcting COVID-19 vaccine misinformation in 10 countries. Royal Society Open Science, 10(3), 221097. https://doi.org/10.1098/rsos.221097",full text,fully,criterion_2,,focus on misinformation 
"Mazepus, H., Osmudsen, M., Bang-Petersen, M., Toshkov, D., & Dimitrova, A. (2023). Information battleground: Conflict perceptions motivate the belief in and sharing of misinformation about the adversary. PLOS ONE, 18(3), e0282308. https://doi.org/10.1371/journal.pone.0282308",full text,fully,criterion_2,,focus on misinformation 
"Hruschka, T. M. J., & Appel, M. (2023). Learning about informal fallacies and the detection of fake news: An experimental intervention. PLOS ONE, 18(3), e0283238. https://doi.org/10.1371/journal.pone.0283238",abstract,fully,criterion_4.2,criterion_4.1,no neutral control (only two training interventions) and no relevant summary statistics on accuracy ratings
"Rędzio, A. M., Izydorczak, K., Muniak, P., Kulesza, W., & Doliński, D. (2023). Is the COVID-19 Fake News game good news? Testing whether creating and disseminating fake news about vaccines in a computer game reduces people’s belief in anti-vaccine arguments. Acta Psychologica, 236, 103930. https://doi.org/10.1016/j.actpsy.2023.103930",full text,fully,criterion_5,,"unclear where the news headlines come from, i.e. if they were real or made up by the researchers"
"Velez, Y. R., Porter, E., & Wood, T. J. (2023). Latino-Targeted Misinformation and the Power of Factual Corrections. The Journal of Politics, 85(2), 789–794. https://doi.org/10.1086/722345",abstract,fully,criterion_2,criterion_3,focus on misinformation; not accessible
"Reyna, V. F. (2023). Social media: Why sharing interferes with telling true from false. Science Advances, 9(9), eadg8333. https://doi.org/10.1126/sciadv.adg8333",full text,fully,criterion_1,,short review article with no original data
"Zeng, H.-K., Lo, S.-Y., & Li, S.-C. S. (2023). Credibility of misinformation source moderates the effectiveness of corrective messages on social media. Public Understanding of Science, 09636625231215979. https://doi.org/10.1177/09636625231215979",abstract,fully,criterion_2,,focus on misinformation
"Ecker, U. K. H., Sharkey, C. X. M., & Swire-Thompson, B. (2023). Correcting vaccine misinformation: A failure to replicate familiarity or fear-driven backfire effects. PLOS ONE, 18(4), e0281140. https://doi.org/10.1371/journal.pone.0281140",abstract,fully,criterion_2,,focus on misinformation
"Graham, M. E., Skov, B., Gilson, Z., Heise, C., Fallow, K. M., Mah, E. Y., & Lindsay, D. S. (n.d.). Mixed News about the Bad News Game. Journal of Cognition, 6(1), 58. https://doi.org/10.5334/joc.324",full text,fully,criterion_5,,"unclear where the news headlines come from, i.e. if they were real or made up by the researchers"
"Arrese, Á. (2023). Institutional and non-institutional news trust as predictors of COVID-19 beliefs: Evidence from three European countries. Public Understanding of Science, 09636625231217081. https://doi.org/10.1177/09636625231217081",abstract,fully,criterion_2,,focus on misinformation
"Sádaba, C., Salaverría, R., & Bringué, X. (2023). Overcoming the Age Barrier: Improving Older Adults’ Detection of Political Disinformation With Media Literacy. Media and Communication, 11(4), 113–123. https://doi.org/10.17645/mac.v11i4.7090",full text,fully,criterion_2,,focus on misinformation
"Mauk, M., & Grömping, M. (2024). Online Disinformation Predicts Inaccurate Beliefs About Election Fairness Among Both Winners and Losers. Comparative Political Studies, 57(6), 965–998. https://doi.org/10.1177/00104140231193008",full text,fully,criterion_2,,appear not to have let participants rate news headlines
"Fajardo, M. (2023). Filipino Students’ Competency in Evaluating Digital Media Content Credibility: ‘Beginning’ to ‘Emerging’ Levels. Journal of Media Literacy Education, 15(2), 58–70. https://doi.org/10.23860/JMLE-2023-15-2-5",full text,fully,criterion_4.1,criterion_2,no relevant summary stats and not clear whether actual news items were used
"Sude, D. J., Sharon, G., & Dvir-Gvirsman, S. (2023). True, justified, belief? Partisanship weakens the positive effect of news media literacy on fake news detection. Frontiers in Psychology, 14. https://doi.org/10.3389/fpsyg.2023.1242865",full text,fully,criterion_5,,"while they appear to have taken real news, they randomly matched them with different sources; we therefor do not consider the study"
"Ku, K. Y. L., Fung, T. M. Y., Au, A. C. Y., Choy, A. Y. O., Kajimoto, M., & Song, Y. (2023). Helping young students cope with the threat of fake news: Efficacy of news literacy training for junior-secondary school students in Hong Kong. Educational Studies, 0(0), 1–19. https://doi.org/10.1080/03055698.2023.2296345",full text,fully,criterion_2,criterion_4.1,"weird, they give participants 1 article to read, it's not clear to which extent that article makes true or false claims"
"Casper Ferm, L.-E., & Thaichon, P. (2023). I think, therefore I ignore: A study on disinformation’s credibility perceptions and sharing intentions over social media. Journal of Strategic Marketing, 1–17.",abstract,fully,criterion_2,,focus on disinformation only
"Liu, X., Qi, L., Wang, L., & Metzger, M. J. (2023). Checking the Fact-Checkers: The Role of Source Type, Perceived Credibility, and Individual Differences in Fact-Checking Effectiveness. Communication Research, 00936502231206419. https://doi.org/10.1177/00936502231206419",full text,fully,criterion_4.1,,do not report relevant summary stats for accuracy ratings
"Lee, S. Y., & Seo, Y. (2023). Does Tone of Comments Matter?: Exploring the Role of Uncivil Comments and Political Orientation on Weakening Belief in Fake News and Eliciting Anger. Communication Studies, 74(6), 515–531. https://doi.org/10.1080/10510974.2023.2246210",abstract,fully,criterion_2,,focus on fake news
"Jitsaeng, K. (2023). Analyzing patterns of political news evaluation among university students in Northeast Thailand. Information Development, 02666669231206784. https://doi.org/10.1177/02666669231206784",abstract,fully,criterion_2,,uncleear if they have accuracy ratings on news items
"Hameleers, M., & Meer, T. van der. (2023). With time comes trust? The development of misinformation perceptions related to COVID-19 over a six-month period: Evidence from a five-wave panel survey study in the Netherlands. Communications. https://doi.org/10.1515/commun-2023-0010",full text,fully,criterion_2,,did not let participants rate news items 
"Priedols, M., & Dimdins, G. (2023). Evaluation of misinformation among pro-Ukrainian Latvians – the role of prior attitude, analytical thinking, and emotions. Frontiers in Psychology, 14. https://doi.org/10.3389/fpsyg.2023.1165039",abstract,fully,criterion_2,,focus on misinformation
"Disha, E. P., Halili, A., & Rustemi, A. (2023). Vulnerability to Disinformation in Relation to Political Affiliation in North Macedonia. Media and Communication, 11(2), 42–52. https://doi.org/10.17645/mac.v11i2.6381",abstract,fully,criterion_2,,focus on disinformation
"Numan, H. (2023). Social media: A watchdog or a conspiracy breeder?: COVID-19 disinformation among Iraqi students. Cogent Arts & Humanities. https://www.tandfonline.com/doi/abs/10.1080/23311983.2023.2224601",full text,fully,criterion_2,,"did not let participants rate news items; focus on conspiracy theories, no true news"
"Sarno, D. M., & Black, J. (2023). Who Gets Caught in the Web of Lies?: Understanding Susceptibility to Phishing Emails, Fake News Headlines, and Scam Text Messages. Human Factors, 00187208231173263. https://doi.org/10.1177/00187208231173263",abstract,fully,criterion_3,,not accessible
"Ahn, S., Bergan, D. E., Ma, S., & Carnahan, D. (2023). Estimating the impact of immediate versus delayed corrections on belief accuracy. Communication Monographs, 90(3), 372–392. https://doi.org/10.1080/03637751.2023.2202728",abstract,fully,criterion_2,,focus on misinformation
"Vu, H. T., & Chen, Y. (2023). What Influences Audience Susceptibility to Fake Health News: An Experimental Study Using a Dual Model of Information Processing in Credibility Assessment. Health Communication, 0(0), 1–14. https://doi.org/10.1080/10410236.2023.2206177",abstract,fully,criterion_2,,focus on misinformation
"Schneider, E. J., & Boman, C. D. (2023). Using Message Strategies to Attenuate the Effects of Disinformation on Credibility. Communication Studies, 74(5), 393–411. https://doi.org/10.1080/10510974.2023.2219704",abstract,fully,criterion_2,,focus on disinformation
"Gordon, L. T., & Price, L. (2023). State Mindfulness and Misinformation Susceptibility. Psychological Reports, 00332941231164073. https://doi.org/10.1177/00332941231164073",abstract,fully,criterion_5,criterion_2,not on news but a made up video; focus on misinformation
"Matchanova, A., Woods, S. P., Neighbors, C., Medina, L. D., Podell, K., Beltran-Najera, I., Alex, C., Babicz, M. A., & Thompson, J. L. (2024). Are accuracy discernment and sharing of COVID-19 misinformation associated with older age and lower neurocognitive functioning? Current Psychology, 43(14), 12921–12933. https://doi.org/10.1007/s12144-023-04464-w",full text,fully,criterion_4.1,,no relevant summary statistics and data not available
"Rossini, P., Mont’Alverne, C., & Kalogeropoulos, A. (2023). Explaining beliefs in electoral misinformation in the 2022 Brazilian election: The role of ideology, political trust, social media, and messaging apps. Harvard Kennedy School Misinformation Review, 4(3).",abstract,fully,criterion_2,criterion_3,focus on disinformation; not accessible
"Yan, W., & Pan, Z. (2023). Believing and Sharing False News on Social Media: The Role of News Presentation, Epistemic Motives, and Deliberative Thinking. Media Psychology, 26(6), 743–766. https://doi.org/10.1080/15213269.2023.2208363",abstract,fully,criterion_3,,not accessible
"Schubatzky, T., & Haagen-Schützenhöfer, C. (2023). Inoculating Adolescents Against Climate Change Misinformation. In G. S. Carvalho, A. S. Afonso, & Z. Anastácio (Eds.), Fostering Scientific Citizenship in an Uncertain World: Selected Papers from the ESERA 2021 Conference (pp. 275–292). Springer International Publishing. https://doi.org/10.1007/978-3-031-32225-9_17",abstract,fully,criterion_2,criterion_3,focus on misinformation; not accessible
"Hameleers, M. (2023). This is Clearly Fake! Mis- and Disinformation Beliefs and the (Accurate) Recognition of Pseudo-Information—Evidence From the United States and the Netherlands. American Behavioral Scientist, 00027642231174334. https://doi.org/10.1177/00027642231174334",full text,fully,criterion_5,,made up the false news article
"Bhargava, P., MacDonald, K., Newton, C., Lin, H., & Pennycook, G. (2023). How effective are TikTok misinformation debunking videos? Harvard Kennedy School Misinformation Review. https://doi.org/10.37016/mr-2020-114",full text,fully,criterion_2,,focus on misinformation
"van der Meer, T. G. L. A., Hameleers, M., & Ohme, J. (2023). Can Fighting Misinformation Have a Negative Spillover Effect? How Warnings for the Threat of Misinformation Can Decrease General News Credibility. Journalism Studies, 24(6), 803–823. https://doi.org/10.1080/1461670X.2023.2187652",full text,fully,criterion_2,,"focus on real news articles' accuracy ratings, after using exposure to a fake news article as experimental stimulus (depending on the condition)"
"Wenjuan, L., Zhaotong, Y., Yuhua, D., & Midi, Z. (2023). The influence of involvement and emotional valence on accuracy judgments and sharing intention of fake news. Journal of Cognitive Psychology, 35(8), 839–855. https://doi.org/10.1080/20445911.2023.2241699",abstract,fully,criterion_2,,focus on fake news
"Yeon Lee, N. (2023). Partisan online media use, political misinformation, and attitudes toward partisan issues. The Social Science Journal, 60(1), 1–14. https://doi.org/10.1080/03623319.2020.1728508",abstract,fully,criterion_2,,focus on misinformation
"Carnahan, D., Ulusoy, E., Barry, R., McGraw, J., Virtue, I., & Bergan, D. E. (2022). What should I believe? A conjoint analysis of the influence of message characteristics on belief in, perceived credibility of, and intent to share political posts. Journal of Communication, 72(5), 592–603. https://doi.org/10.1093/joc/jqac023",abstract,fully,criterion_2,criterion_5,focus on fake news and make them up
"Damstra, A., Vliegenthart, R., Boomgaarden, H., Glüer, K., Lindgren, E., Strömbäck, J., & Tsfati, Y. (2023). Knowledge and the News: An Investigation of the Relation Between News Use, News Avoidance, and the Presence of (Mis)beliefs. The International Journal of Press/Politics, 28(1), 29–48. https://doi.org/10.1177/19401612211031457",full text,fully,criterion_5,criterion_4.1,do not rely on news items (but statements that they write) and do not provide relevant summary stats
"Prasad, A. (2022). Anti-science Misinformation and Conspiracies: COVID–19, Post-truth, and Science & Technology Studies (STS). Science, Technology and Society, 27(1), 88–112. https://doi.org/10.1177/09717218211003413",abstract,fully,criterion_2,,focus on misinformation and no accuracy ratings
"Bragarnich, R. (2022). Observations on psychic vulnerability to media dissemination of false political-ideological messages (fake news). Journal of Analytical Psychology, 67(2), 455–467. https://doi.org/10.1111/1468-5922.12807",abstract,fully,criterion_2,,focus on misinformation and no accuracy ratings; also no data it seems
"Porter, E., Velez, Y., & Wood, T. J. (2022). Factual Corrections Eliminate False Beliefs About COVID-19 Vaccines. Public Opinion Quarterly, 86(3), 762–773. https://doi.org/10.1093/poq/nfac034",abstract,fully,criterion_2,,focus on misinformation
"Munger, K., Egan, P. J., Nagler, J., Ronen, J., & Tucker, J. (2022). Political Knowledge and Misinformation in the Era of Social Media: Evidence From the 2015 UK Election. British Journal of Political Science, 52(1), 107–127. https://doi.org/10.1017/S0007123420000198",abstract,fully,criterion_2,,focus on misinformation and do not let participants rate news items
"El-Masri, A., Riedl, M. J., & Woolley, S. (2022). Audio misinformation on WhatsApp: A case study from Lebanon. Harvard Kennedy School Misinformation Review. https://doi.org/10.37016/mr-2020-102",abstract,fully,criterion_2,,focus on misinformation and do not seem to include accuracy ratings
"Sheaffer, R., Gal, R., & Pansky, A. (2022). Resisting misinformation via discrepancy detection: Effects of an unaware suspicion cue. Memory, 30(6), 695–705. https://doi.org/10.1080/09658211.2021.1917618",abstract,fully,criterion_2,,not about news judgements
"Santini, R. M., Tucci, G., Salles, D., & de Almeida, A. R. D. (2021). Do You Believe in Fake After All? In Politics of Disinformation (pp. 49–66). John Wiley & Sons, Ltd. https://doi.org/10.1002/9781119743347.ch4",abstract,fully,criterion_2,,focus on disinformation
"Kraft, P. W., Davis, N. R., Davis, T., Heideman, A., Neumeyer, J. T., & Park, S. Y. (2022). Reliable Sources? Correcting Misinformation in Polarized Media Environments. American Politics Research, 50(1), 17–29. https://doi.org/10.1177/1532673X211041570",abstract,fully,criterion_2,,focus on disinformation
"Kraft, P. W., Davis, N. R., Davis, T., Heideman, A., Neumeyer, J. T., & Park, S. Y. (2022). Reliable Sources? Correcting Misinformation in Polarized Media Environments. American Politics Research, 50(1), 17–29. https://doi.org/10.1177/1532673X211041570",full text,fully,criterion_5,criterion_2,"made up their news articles, do not differentiate between true and false news"
"Autry, K. S., & Duarte, S. E. (2021). Correcting the unknown: Negated corrections may increase belief in misinformation. Applied Cognitive Psychology, 35(4), 960–975. https://doi.org/10.1002/acp.3823",abstract,fully,criterion_2,,focus on misinformation
"Ferrari, F., & Moruzzi, S. (2021). Enquiry and Normative Deviance: The Role of Fake News in Science DenialismThe Role of Fake News in Science Denialism (pp. 109–133). https://doi.org/10.1093/oso/9780198863977.003.0006",abstract,fully,criterion_1,criterion_2,"seems as if no data, no accuracy ratings"
"Yu, X., Wojcieszak, M., Lee, S., Casas, A., Azrout, R., & Gackowski, T. (2021). The (Null) Effects of Happiness on Affective Polarization, Conspiracy Endorsement, and Deep Fake Recognition: Evidence from Five Survey Experiments in Three Countries. Political Behavior, 43(3), 1265–1287. https://doi.org/10.1007/s11109-021-09701-1",abstract,fully,criterion_2,,focus on misinformation
"Motta, M. (2021). Republicans, Not Democrats, Are More Likely to Endorse Anti-Vaccine Misinformation. American Politics Research, 49(5), 428–438. https://doi.org/10.1177/1532673X211022639",abstract,fully,criterion_2,,not about news judgements
"Tabong, P. T.-N., & Segtub, M. (2021). Misconceptions, Misinformation and Politics of COVID-19 on Social Media: A Multi-Level Analysis in Ghana. Frontiers in Communication, 6. https://doi.org/10.3389/fcomm.2021.613794",abstract,fully,criterion_2,,"interview study, no data on accuracy judgements aobut precise news "
"Chon, M.-G., & Kim, K. H. (2021). Misinformation and Government Crisis Management in South Korea: Understanding Active Publics’ Belief in Misinformation about the Yemeni Refugee Issue and Its Effect on Active Communication Behaviors. Journal of International Crisis and Risk Communication Research, 4(3), Article 3.",abstract,fully,criterion_2,,focus on misinformation
"Kebede, Y., Birhanu, Z., Fufa, D., Yitayih, Y., Abafita, J., Belay, A., Jote, A., & Ambelu, A. (2020). Myths, beliefs, and perceptions about COVID-19 in Ethiopia: A need to address information gaps and enable combating efforts. PLOS ONE, 15(11), e0243024. https://doi.org/10.1371/journal.pone.0243024",abstract,fully,criterion_2,,focus on misinformation
"Tsang, S. J. (2019). News Credibility and Media Literacy in the Digital Age. In Handbook of Research on Media Literacy Research and Applications Across Disciplines (pp. 135–155). IGI Global. https://doi.org/10.4018/978-1-5225-9261-7.ch009",abstract,fully,criterion_1,,"book chapter, no original data"
"Grazulis, A., & Rogers, R. (2021). “Ridiculous and Untrue – FAKE NEWS!”: The Impact of Labeling Fake News. In Research Anthology on Fake News, Political Warfare, and Combatting the Spread of Misinformation (pp. 25–38). IGI Global. https://doi.org/10.4018/978-1-7998-7291-7.ch002",abstract,fully,criterion_2,,focus on misinformation
"Dumitru, E.-A. (2020). Testing Children and Adolescents’ Ability to Identify Fake News: A Combined Design of Quasi-Experiment and Group Discussions. Societies, 10(3), Article 3. https://doi.org/10.3390/soc10030071",abstract,fully,criterion_2,,"not about accuracy ratings of news items, but children's perceptions about the trustworthiness and credibility of websites"
"Nikolov, D., Flammini, A., & Menczer, F. (2021). Right and left, partisanship predicts (asymmetric) vulnerability to misinformation. Harvard Kennedy School Misinformation Review. https://doi.org/10.37016/mr-2020-55",abstract,fully,criterion_2,,"study is about sharing behavior, no accuracy ratings; focus on misinformation"
"Meer, T. G. L. A. van der, & Jin, Y. (2020). Seeking Formula for Misinformation Treatment in Public Health Crises: The Effects of Corrective Information Type and Source. Health Communication. https://www.tandfonline.com/doi/abs/10.1080/10410236.2019.1573295",abstract,fully,criterion_2,,focus on misinformation
"Khairunissa, K. (2020). University Students’ Ability in Evaluating Fake News on Social Media. Record and Library Journal, 6(2), Article 2. https://doi.org/10.20473/rlj.V6-I2.2020.136-145",full text,fully,criterion_4.1,,no relevant summary stats and extremely low N study
"Greenstein, M., & Franklin, N. (2020). Anger increases susceptibility to misinformation. Experimental Psychology.",abstract,fully,criterion_2,,focus on misinformation
"Rich, P. R., & Zaragoza, M. S. (2020). Correcting Misinformation in News Stories: An Investigation of Correction Timing and Correction Durability. Journal of Applied Research in Memory and Cognition, 9(3), 310–322. https://doi.org/10.1016/j.jarmac.2020.04.001",abstract,fully,criterion_2,,focus on misinformation
"Bode, L., Vraga, E. K., & Tully, M. (2020). Do the right thing: Tone may not affect correction of misinformation on social media. Harvard Kennedy School Misinformation Review. https://doi.org/10.37016/mr-2020-026",abstract,fully,criterion_2,,focus on misinformation
"Avram, M., Micallef, N., Patil, S., & Menczer, F. (2020). Exposure to social engagement metrics increases vulnerability to misinformation. arXiv Preprint arXiv:2005.04682.",abstract,fully,criterion_2,,focus on misinformation
"Bozkanat, E. (2021). Detecting Fake News on Social Media: The Case of Turkey. In Analyzing Global Social Media Consumption (pp. 49–67). IGI Global. https://doi.org/10.4018/978-1-7998-4718-2.ch004",abstract,fully,criterion_2,,"focus on misinformation, no accuracy judgements"
"Roozenbeek, J., & Van Der Linden, S. (2020). Breaking Harmony Square: A game that “inoculates” against political misinformation. Harvard Kennedy School Misinformation Review. https://doi.org/10.37016/mr-2020-47",full text,fully,criterion_2,,focus on misinformation
"Lovari, A. (2020). Spreading (Dis)Trust: Covid-19 Misinformation and Government Intervention in Italy. Media and Communication, 8(2), 458–461. https://doi.org/10.17645/mac.v8i2.3219",full text,fully,criterion_1,,"commentary, no original data"
"Hameleers, M. (2019). Susceptibility to mis- and disinformation and the effectiveness of fact-checkers: Can misinformation be effectively combated? Studies in Communication and Media, 8(4), 523–546. https://doi.org/10.5771/2192-4007-2019-4-523",abstract,fully,criterion_2,,focus on misinformation
"Agadjanian, A., Bakhru, N., Chi, V., Greenberg, D., Hollander, B., Hurt, A., Kind, J., Lu, R., Ma, A., Nyhan, B., Pham, D., Qian, M., Tan, M., Wang, C., Wasdahl, A., & Woodruff, A. (2019). Counting the Pinocchios: The effect of summary fact-checking data on perceived accuracy and favorability of politicians. Research & Politics, 6(3), 2053168019870351. https://doi.org/10.1177/2053168019870351",abstract,fully,criterion_2,,focus on misinformation
"Aird, M. J., Ecker, U. K. H., Swire, B., Berinsky, A. J., & Lewandowsky, S. (2018). Does truth matter to voters? The effects of correcting political misinformation in an Australian sample. Royal Society Open Science, 5(12), 180593. https://doi.org/10.1098/rsos.180593",abstract,fully,criterion_2,,focus on misinformation and no accuracy judgements
"Tiwari, A. S. (2011). Role of arousal states in susceptibility to accept misinformation. Europe’s Journal of Psychology, 7(3), Article 3. https://doi.org/10.5964/ejop.v7i3.147",abstract,fully,criterion_2,,not about news judgements
"Dixon, G. N., McKeever, B. W., Holton, A. E., Clarke, C., & Eosco, G. (2015). The Power of a Picture: Overcoming Scientific Misinformation by Communicating Weight-of-Evidence Information with Visual Exemplars. Journal of Communication, 65(4), 639–659. https://doi.org/10.1111/jcom.12159",abstract,fully,criterion_2,,"focus on misbeliefs, no direct accuracy judgements of true and false items"
"Nyhan, B., & Reifler, J. (2010). When Corrections Fail: The Persistence of Political Misperceptions. Political Behavior, 32(2), 303–330. https://doi.org/10.1007/s11109-010-9112-2",abstract,fully,criterion_2,criterion_5,focus on misinformation; made their items up
"Ecker, U. K. H., Lewandowsky, S., Fenton, O., & Martin, K. (2014). Do people keep believing because they want to? Preexisting attitudes and the continued influence of misinformation. Memory & Cognition, 42(2), 292–304. https://doi.org/10.3758/s13421-013-0358-x",abstract,fully,criterion_2,,"focus on misbeliefs, no direct accuracy judgements of true and false items"
"Horry, R., Colton, L.-M., & Williamson, P. (2014). Confidence–accuracy resolution in the misinformation paradigm is influenced by the availability of source cues. Acta Psychologica, 151, 164–173. https://doi.org/10.1016/j.actpsy.2014.06.006",abstract,fully,criterion_2,criterion_5,"not on news judgments, a made up crime video is the only stimulus"
"Weeks, B. E. (2015). Emotions, Partisanship, and Misperceptions: How Anger and Anxiety Moderate the Effect of Partisan Bias on Susceptibility to Political Misinformation. Journal of Communication, 65(4), 699–719. https://doi.org/10.1111/jcom.12164",abstract,fully,criterion_2,,focus on misinformation
"Burton, R. F. (2002). Misinformation, partial knowledge and guessing in true/false tests. Medical Education, 36(9), 805–811.",abstract,fully,criterion_2,,"not about news judgements, but medical students' test scores"
"Kaufman, R. A., Haupt, M. R., & Dow, S. P. (2022). Who’s in the Crowd Matters: Cognitive Factors and Beliefs Predict Misinformation Assessment Accuracy. Proceedings of the ACM on Human-Computer Interaction, 6(CSCW2), 553:1-553:18. https://doi.org/10.1145/3555611",full text,fully,criterion_4.1,,no relevant summary stats
"Kim, S., Capasso, A., Ali, S. H., Headley, T., DiClemente, R. J., & Tozan, Y. (2022). What predicts people’s belief in COVID-19 misinformation? A retrospective study using a nationwide online survey among adults residing in the United States. BMC Public Health, 22(1), 2114. https://doi.org/10.1186/s12889-022-14431-y",full text,fully,criterion_2,,no accuracy ratings on news items